-- MariaDB dump 10.19  Distrib 10.4.32-MariaDB, for Win64 (AMD64)
--
-- Host: localhost    Database: leticia_duarte
-- ------------------------------------------------------
-- Server version	10.4.32-MariaDB

/*!40101 SET @OLD_CHARACTER_SET_CLIENT=@@CHARACTER_SET_CLIENT */;
/*!40101 SET @OLD_CHARACTER_SET_RESULTS=@@CHARACTER_SET_RESULTS */;
/*!40101 SET @OLD_COLLATION_CONNECTION=@@COLLATION_CONNECTION */;
/*!40101 SET NAMES utf8mb4 */;
/*!40103 SET @OLD_TIME_ZONE=@@TIME_ZONE */;
/*!40103 SET TIME_ZONE='+00:00' */;
/*!40014 SET @OLD_UNIQUE_CHECKS=@@UNIQUE_CHECKS, UNIQUE_CHECKS=0 */;
/*!40014 SET @OLD_FOREIGN_KEY_CHECKS=@@FOREIGN_KEY_CHECKS, FOREIGN_KEY_CHECKS=0 */;
/*!40101 SET @OLD_SQL_MODE=@@SQL_MODE, SQL_MODE='NO_AUTO_VALUE_ON_ZERO' */;
/*!40111 SET @OLD_SQL_NOTES=@@SQL_NOTES, SQL_NOTES=0 */;

--
-- Table structure for table `tb_alunos`
--

DROP TABLE IF EXISTS `tb_alunos`;
/*!40101 SET @saved_cs_client     = @@character_set_client */;
/*!40101 SET character_set_client = utf8 */;
CREATE TABLE `tb_alunos` (
  `ra_aluno` int(11) NOT NULL AUTO_INCREMENT,
  `nome` varchar(200) DEFAULT NULL,
  `data_nascimento` date DEFAULT NULL,
  `etnia` varchar(20) DEFAULT NULL,
  `cep` varchar(9) DEFAULT NULL,
  `endereco` varchar(100) DEFAULT NULL,
  `numero` int(11) DEFAULT NULL,
  `bairro` varchar(100) DEFAULT NULL,
  `cidade` varchar(100) DEFAULT NULL,
  `complemento` varchar(50) DEFAULT NULL,
  `medicacao` tinyint(1) DEFAULT NULL,
  `quantidade_gotas` int(11) DEFAULT NULL,
  `autorizacao` tinyint(1) DEFAULT NULL,
  PRIMARY KEY (`ra_aluno`),
  UNIQUE KEY `ra_aluno` (`ra_aluno`)
) ENGINE=InnoDB AUTO_INCREMENT=128 DEFAULT CHARSET=utf8mb4 COLLATE=utf8mb4_general_ci;
/*!40101 SET character_set_client = @saved_cs_client */;

--
-- Dumping data for table `tb_alunos`
--

LOCK TABLES `tb_alunos` WRITE;
/*!40000 ALTER TABLE `tb_alunos` DISABLE KEYS */;
INSERT INTO `tb_alunos` VALUES (1,'Ana Silva','2004-10-10','Negro','68221214',NULL,229,'Boa Vista','Porto Alegre','',0,7,1),(2,'Carlos Silva','2005-12-17','Pardo','11186932','Rua A',5,'Centro','S?o Paulo','Casa',1,5,0),(3,'Jo?o Silva','2015-09-25','Branco','20326418','Rua B',414,'Centro','Curitiba','Casa',0,4,1),(4,'Pedro Silva','2015-08-22','Negro','85830439',NULL,305,'Jardim','S?o Paulo','',1,2,1),(5,'Pedro Silva','2011-08-09','Negro','82702850',NULL,465,'Boa Vista','Rio de Janeiro','Apto',1,6,0),(6,'Jo?o Silva','2015-05-06','Branco','12080010',NULL,447,'Bairro Alto','Curitiba','',0,6,1),(7,'Ana Santos','2011-06-30','Pardo','99445597',NULL,205,'Vila','Porto Alegre','',0,6,0),(8,'Jo?o Santos','2018-03-08','Ind?gena','45030573','Rua E',135,'Centro','Curitiba','',0,2,1),(9,'Pedro Costa','2013-09-10','Branco','92290094',NULL,500,'Jardim','Curitiba','',0,8,0),(10,'Jo?o Oliveira','2015-01-24','Pardo','67305123','Rua D',206,'Boa Vista','S?o Paulo','',1,1,1),(11,'Ana Santos','2004-06-21','Ind?gena','32442221',NULL,376,'Centro','S?o Paulo','',1,0,1),(12,'Ana Silva','2020-04-18','Ind?gena','34330240',NULL,34,'Centro','Porto Alegre','Casa',0,4,0),(13,'Jo?o Silva','2005-06-18','Pardo','93355101',NULL,54,'Bairro Alto','Curitiba','Casa',1,9,1),(14,'Carlos Pereira','2010-04-11','Ind?gena','13982508',NULL,380,'Bairro Alto','S?o Paulo','Casa',0,3,1),(15,'Ana Santos','2015-05-10','Pardo','17592402',NULL,31,'Jardim','Belo Horizonte','Casa',0,9,0),(16,'Carlos Costa','2010-07-01','Ind?gena','64126771',NULL,228,'Boa Vista','Rio de Janeiro','Apto',0,3,1),(17,'Ana Oliveira','2008-02-23','Ind?gena','77688803',NULL,71,'Jardim','Porto Alegre','',1,4,0),(18,'Pedro Silva','2011-02-13','Pardo','11931472',NULL,374,'Centro','Porto Alegre','',0,0,0),(19,'Pedro Pereira','2013-12-14','Ind?gena','40385661','Rua B',86,'Bairro Alto','Rio de Janeiro','',0,8,1),(20,'Jo?o Oliveira','2006-08-01','Branco','28859049',NULL,26,'Centro','S?o Paulo','Casa',1,1,0),(21,'Ana Costa','2008-11-25','Pardo','78983373',NULL,397,'Jardim','S?o Paulo','',1,7,0),(22,'Jo?o Pereira','2013-12-01','Negro','98691068',NULL,232,'Jardim','Porto Alegre','',0,8,0),(23,'Jo?o Pereira','2010-11-19','Pardo','96212760',NULL,211,'Jardim','Rio de Janeiro','',1,0,0),(24,'Carlos Oliveira','2011-08-25','Pardo','80655115',NULL,260,'Bairro Alto','Curitiba','',0,2,0),(25,'Pedro Santos','2006-01-30','Ind?gena','46729082',NULL,287,'Jardim','Rio de Janeiro','',1,3,0),(26,'Ana Pereira','2018-08-21','Negro','22091237',NULL,327,'Bairro Alto','S?o Paulo','Casa',1,5,0),(27,'Pedro Oliveira','2014-06-11','Branco','19572622',NULL,12,'Bairro Alto','Belo Horizonte','Casa',1,3,0),(28,'Maria Costa','2020-05-17','Negro','20189501',NULL,61,'Bairro Alto','Rio de Janeiro','Casa',0,9,1),(29,'Pedro Oliveira','2007-06-16','Branco','13691612','Rua E',143,'Centro','S?o Paulo','',1,9,1),(30,'Carlos Silva','2008-05-25','Ind?gena','98821089',NULL,364,'Centro','Porto Alegre','Apto',0,3,1),(31,'Carlos Costa','2006-08-10','Negro','27544803','Rua D',394,'Bairro Alto','S?o Paulo','',0,4,0),(32,'Maria Costa','2012-01-10','Pardo','78028978',NULL,78,'Centro','S?o Paulo','Casa',0,4,0),(33,'Maria Oliveira','2013-12-31','Branco','21340212',NULL,88,'Jardim','S?o Paulo','',1,3,0),(34,'Jo?o Santos','2017-01-30','Ind?gena','67612087',NULL,243,'Jardim','Belo Horizonte','Casa',0,4,1),(35,'Carlos Costa','2006-11-29','Branco','38089637',NULL,82,'Centro','Rio de Janeiro','Casa',0,7,0),(36,'Carlos Pereira','2009-02-12','Ind?gena','24183927',NULL,166,'Vila','Porto Alegre','',1,3,0),(37,'Jo?o Silva','2002-12-07','Negro','14576055','Rua D',105,'Boa Vista','Belo Horizonte','Casa',0,2,1),(38,'Carlos Costa','2010-08-29','Branco','48168983',NULL,84,'Jardim','Rio de Janeiro','Apto',1,0,0),(39,'Ana Santos','2010-04-22','Pardo','79539914',NULL,307,'Bairro Alto','Curitiba','Casa',0,9,1),(40,'Maria Costa','2009-01-26','Branco','39107711',NULL,230,'Bairro Alto','Porto Alegre','Casa',0,7,0),(41,'Jo?o Costa','2004-12-17','Pardo','20876160',NULL,277,'Boa Vista','Belo Horizonte','',0,4,0),(42,'Jo?o Silva','2011-07-18','Negro','93910068',NULL,133,'Boa Vista','Curitiba','Apto',0,8,1),(43,'Maria Pereira','2010-03-04','Branco','45848221',NULL,217,'Jardim','Curitiba','Casa',0,9,1),(44,'Jo?o Silva','2016-09-23','Pardo','94213065',NULL,463,'Centro','S?o Paulo','Casa',1,9,0),(45,'Maria Silva','2013-03-20','Pardo','10572920',NULL,255,'Jardim','Curitiba','Apto',0,4,1),(46,'Pedro Santos','2006-12-23','Pardo','37972621',NULL,87,'Vila','Belo Horizonte','Apto',0,6,0),(47,'Pedro Pereira','2014-07-09','Ind?gena','93333670',NULL,317,'Jardim','Curitiba','Apto',1,0,1),(48,'Maria Pereira','2014-05-14','Negro','20333365',NULL,73,'Boa Vista','Curitiba','Casa',0,4,0),(49,'Maria Costa','2005-06-13','Pardo','40785488','Rua A',1,'Boa Vista','Porto Alegre','',1,2,1),(50,'Carlos Silva','2008-10-11','Pardo','53630738',NULL,190,'Bairro Alto','Porto Alegre','',0,1,1),(51,'Jo?o Pereira','2011-07-17','Negro','85486606',NULL,243,'Jardim','Curitiba','',1,3,0),(52,'Maria Oliveira','2007-06-01','Negro','27320151',NULL,71,'Jardim','Porto Alegre','',0,0,0),(53,'Carlos Pereira','2011-10-13','Pardo','41576838','Rua D',169,'Vila','Rio de Janeiro','',1,4,0),(54,'Jo?o Santos','2017-09-17','Pardo','56782382',NULL,258,'Centro','S?o Paulo','Casa',0,0,0),(55,'Pedro Oliveira','2016-02-06','Pardo','13803397',NULL,318,'Vila','Curitiba','',0,9,0),(56,'Carlos Oliveira','2007-12-16','Ind?gena','88431457',NULL,158,'Vila','S?o Paulo','Apto',1,4,0),(57,'Maria Oliveira','2009-10-18','Pardo','88678460',NULL,144,'Boa Vista','Belo Horizonte','Casa',1,4,0),(58,'Maria Santos','2005-07-16','Pardo','14366860',NULL,235,'Centro','Belo Horizonte','',1,8,0),(59,'Ana Costa','2003-11-29','Pardo','37740430',NULL,295,'Boa Vista','Belo Horizonte','Apto',0,3,0),(60,'Maria Pereira','2007-10-27','Pardo','71519687',NULL,339,'Centro','Curitiba','Casa',0,7,0),(61,'Pedro Pereira','2005-10-02','Ind?gena','90585638',NULL,334,'Bairro Alto','Curitiba','',1,2,1),(62,'Ana Costa','2018-12-30','Negro','97175604',NULL,342,'Boa Vista','Rio de Janeiro','',0,1,1),(63,'Jo?o Pereira','2006-10-12','Pardo','89740887',NULL,2,'Vila','S?o Paulo','Casa',0,8,0),(64,'Pedro Santos','2004-06-03','Negro','30797711','Rua A',190,'Boa Vista','S?o Paulo','Casa',0,0,1),(65,'Jo?o Silva','2018-12-25','Negro','66302442','Rua A',80,'Bairro Alto','Belo Horizonte','',0,0,0),(66,'Pedro Pereira','2004-04-27','Branco','13240289',NULL,311,'Boa Vista','Belo Horizonte','',1,4,1),(67,'Pedro Santos','2004-03-06','Pardo','54174213',NULL,96,'Jardim','Rio de Janeiro','Casa',1,5,1),(68,'Jo?o Santos','2012-09-01','Pardo','39466193','Rua D',168,'Vila','Belo Horizonte','Apto',1,7,1),(69,'Pedro Silva','2003-04-11','Negro','88886402',NULL,35,'Jardim','Belo Horizonte','Casa',0,2,0),(70,'Maria Oliveira','2011-06-21','Ind?gena','46311983','Rua D',91,'Bairro Alto','Porto Alegre','Casa',1,1,1),(71,'Pedro Santos','2016-04-06','Branco','78709084',NULL,210,'Vila','S?o Paulo','',1,1,1),(72,'Ana Costa','2016-10-03','Pardo','15152654',NULL,124,'Centro','S?o Paulo','Apto',0,3,0),(73,'Pedro Oliveira','2013-04-29','Pardo','58862853',NULL,380,'Jardim','Belo Horizonte','Apto',0,2,1),(74,'Maria Costa','2013-11-17','Ind?gena','85444753',NULL,324,'Vila','Curitiba','Casa',0,4,0),(75,'Maria Oliveira','2015-07-04','Pardo','73105132',NULL,428,'Centro','Porto Alegre','Apto',0,4,0),(76,'Jo?o Santos','2004-07-11','Branco','61360647',NULL,442,'Centro','Curitiba','Casa',0,5,0),(77,'Ana Costa','2011-01-27','Ind?gena','93293615',NULL,451,'Bairro Alto','Curitiba','',1,1,1),(78,'Ana Santos','2013-03-22','Branco','13187105',NULL,33,'Centro','Porto Alegre','Apto',1,1,0),(79,'Carlos Oliveira','2004-01-09','Branco','39330477',NULL,491,'Centro','Curitiba','Casa',0,7,0),(80,'Pedro Silva','2011-04-13','Pardo','17496590',NULL,2,'Vila','Rio de Janeiro','Casa',1,7,0),(81,'Maria Oliveira','2014-09-22','Branco','53265926',NULL,139,'Boa Vista','Porto Alegre','',0,9,1),(82,'Jo?o Pereira','2017-02-05','Pardo','44768474',NULL,336,'Boa Vista','Rio de Janeiro','',1,6,0),(83,'Pedro Oliveira','2003-08-04','Branco','34931749',NULL,418,'Centro','Rio de Janeiro','Apto',1,3,1),(84,'Maria Santos','2012-03-16','Negro','53411160',NULL,24,'Jardim','Belo Horizonte','',0,2,0),(85,'Jo?o Silva','2002-12-19','Negro','45404899',NULL,368,'Boa Vista','Belo Horizonte','Casa',0,2,1),(86,'Maria Oliveira','2010-06-08','Branco','27767151',NULL,375,'Jardim','Belo Horizonte','Casa',1,2,1),(87,'Ana Pereira','2018-05-10','Pardo','33465299',NULL,457,'Jardim','S?o Paulo','',1,1,0),(88,'Ana Silva','2005-10-03','Branco','90893119',NULL,367,'Boa Vista','Porto Alegre','',0,9,0),(89,'Maria Silva','2016-06-17','Pardo','14373557','Rua A',468,'Bairro Alto','Rio de Janeiro','',1,1,1),(90,'Carlos Silva','2012-07-12','Branco','47712326',NULL,3,'Centro','Rio de Janeiro','Apto',0,6,0),(91,'Ana Silva','2012-08-22','Ind?gena','78617643',NULL,294,'Boa Vista','Rio de Janeiro','',0,3,1),(92,'Pedro Costa','2007-09-07','Ind?gena','98473747',NULL,149,'Centro','Porto Alegre','Apto',1,8,1),(93,'Ana Silva','2008-06-21','Ind?gena','10918889',NULL,105,'Centro','Porto Alegre','Casa',1,9,1),(94,'Pedro Santos','2019-04-28','Negro','76652227',NULL,258,'Boa Vista','S?o Paulo','',0,6,1),(95,'Pedro Santos','2018-12-23','Negro','28031513',NULL,39,'Bairro Alto','Curitiba','',1,2,1),(96,'Jo?o Pereira','2015-04-12','Pardo','11430676',NULL,362,'Vila','Belo Horizonte','Casa',0,7,0),(97,'Maria Pereira','2005-07-07','Branco','33577365',NULL,257,'Boa Vista','Rio de Janeiro','',1,2,0),(98,'Carlos Oliveira','2011-01-15','Negro','75547516',NULL,69,'Centro','S?o Paulo','',1,7,0),(99,'Maria Costa','2015-04-26','Ind?gena','10946548',NULL,320,'Boa Vista','S?o Paulo','Casa',1,8,0),(100,'Pedro Santos','2003-03-17','Pardo','52808403',NULL,209,'Boa Vista','Curitiba','Casa',1,1,1);
/*!40000 ALTER TABLE `tb_alunos` ENABLE KEYS */;
UNLOCK TABLES;

--
-- Table structure for table `tb_estrutura_familiar`
--

DROP TABLE IF EXISTS `tb_estrutura_familiar`;
/*!40101 SET @saved_cs_client     = @@character_set_client */;
/*!40101 SET character_set_client = utf8 */;
CREATE TABLE `tb_estrutura_familiar` (
  `id` int(11) NOT NULL AUTO_INCREMENT,
  `pais_vivem_juntos` tinyint(1) DEFAULT NULL,
  `numero_filhos` int(11) DEFAULT NULL,
  `recebe_bolsa_familia` tinyint(1) DEFAULT NULL,
  `valor` decimal(10,2) DEFAULT NULL,
  `possui_alergia` tinyint(1) DEFAULT NULL,
  `especifique` varchar(100) DEFAULT NULL,
  `possui_convenio` tinyint(1) DEFAULT NULL,
  `qual_convenio` varchar(50) DEFAULT NULL,
  `portador_necessidade_especial` tinyint(1) DEFAULT NULL,
  `qual` varchar(50) DEFAULT NULL,
  `problemas_visao` tinyint(1) DEFAULT NULL,
  `ja_fez_cirurgia` tinyint(1) DEFAULT NULL,
  `vacina_catapora_varicela` tinyint(1) DEFAULT NULL,
  `transporte_escolar` varchar(20) DEFAULT NULL,
  `doencas` varchar(20) DEFAULT NULL,
  PRIMARY KEY (`id`),
  UNIQUE KEY `id` (`id`)
) ENGINE=InnoDB AUTO_INCREMENT=128 DEFAULT CHARSET=utf8mb4 COLLATE=utf8mb4_general_ci;
/*!40101 SET character_set_client = @saved_cs_client */;

--
-- Dumping data for table `tb_estrutura_familiar`
--

LOCK TABLES `tb_estrutura_familiar` WRITE;
/*!40000 ALTER TABLE `tb_estrutura_familiar` DISABLE KEYS */;
INSERT INTO `tb_estrutura_familiar` VALUES (1,0,4,0,38.65,0,'Alergia a p?len',0,'Amil',0,'',0,1,1,'A p?',''),(2,0,5,1,64.47,1,'Alergia a p?len',0,'Amil',0,'Defici?ncia auditiva',0,1,0,'A p?',''),(3,0,2,0,193.81,0,'',0,'Unimed',1,'Defici?ncia motora',0,1,0,'?nibus',''),(4,0,5,0,345.99,1,'Alergia alimentar',0,'',0,'Defici?ncia motora',1,1,1,'?nibus','Nenhuma'),(5,0,5,1,421.14,0,'',1,'',1,'',1,0,1,'A p?','Hipertens?o'),(6,1,4,0,335.96,1,'Asma',0,'',0,'',1,1,1,'?nibus',''),(7,1,2,0,55.55,1,'Alergia alimentar',1,'Amil',1,'Defici?ncia auditiva',1,1,1,'?nibus','Nenhuma'),(8,1,0,0,136.13,1,'',0,'Amil',1,'',1,1,0,'?nibus','Hipertens?o'),(9,0,3,1,138.55,0,'Alergia a p?len',0,'',1,'Defici?ncia auditiva',0,1,1,'A p?','Nenhuma'),(10,0,1,0,50.17,0,'',0,'',0,'',1,1,0,'Carro','Hipertens?o'),(11,0,3,0,220.87,1,'Asma',0,'Amil',0,'Defici?ncia motora',0,0,1,'Carro',''),(12,1,2,1,180.44,1,'Asma',0,'Amil',1,'Defici?ncia auditiva',0,1,0,'A p?','Nenhuma'),(13,1,1,1,239.93,0,'Alergia a p?len',1,'Unimed',1,'',0,1,0,'?nibus','Hipertens?o'),(14,0,5,1,292.32,1,'Alergia alimentar',0,'',0,'Defici?ncia motora',0,1,1,'Carro',''),(15,0,0,0,454.83,0,'Alergia alimentar',0,'Amil',1,'',1,1,0,'Van','Diabetes'),(16,0,1,1,131.67,1,'',1,'',0,'',0,0,1,'Van',''),(17,0,2,1,213.61,0,'',1,'Unimed',0,'',0,1,0,'Van',''),(18,1,0,0,374.65,0,'Asma',1,'Amil',1,'Defici?ncia auditiva',1,1,0,'?nibus','Diabetes'),(19,1,4,0,422.87,0,'Alergia a p?len',0,'Amil',1,'',1,0,0,'Carro','Nenhuma'),(20,0,0,1,181.08,1,'Alergia alimentar',1,'Amil',0,'Defici?ncia auditiva',0,1,1,'?nibus','Nenhuma'),(21,1,3,1,303.62,1,'',1,'Unimed',0,'Defici?ncia auditiva',1,0,1,'Carro','Hipertens?o'),(22,1,0,1,219.79,1,'',1,'',0,'Defici?ncia motora',0,1,0,'Van','Hipertens?o'),(23,0,4,0,261.26,1,'',0,'',1,'',0,1,0,'A p?',''),(24,0,4,1,460.69,1,'Alergia alimentar',0,'Unimed',0,'',1,0,0,'A p?','Nenhuma'),(25,1,5,1,261.35,0,'',0,'',0,'Defici?ncia motora',0,1,0,'Van','Nenhuma'),(26,1,0,1,26.16,0,'Asma',0,'Amil',0,'Defici?ncia motora',0,0,0,'?nibus','Hipertens?o'),(27,0,0,0,489.89,0,'Alergia a p?len',1,'Amil',1,'',1,0,1,'?nibus','Nenhuma'),(28,1,5,1,17.43,0,'Alergia a p?len',0,'',1,'Defici?ncia motora',1,1,0,'?nibus','Hipertens?o'),(29,0,4,1,256.32,0,'Alergia alimentar',0,'Amil',1,'Defici?ncia motora',0,0,0,'Van','Nenhuma'),(30,1,3,1,175.98,0,'Alergia a p?len',1,'Amil',0,'',1,0,0,'Van','Diabetes'),(31,1,3,1,29.25,1,'Alergia alimentar',0,'',1,'',1,0,1,'A p?','Hipertens?o'),(32,1,5,1,479.13,1,'Alergia alimentar',1,'Amil',0,'Defici?ncia motora',0,1,0,'Carro','Hipertens?o'),(33,1,4,1,327.72,0,'',1,'Unimed',0,'Defici?ncia motora',0,0,0,'?nibus','Nenhuma'),(34,0,4,0,361.16,0,'',1,'Unimed',1,'Defici?ncia auditiva',0,0,0,'Carro','Hipertens?o'),(35,0,3,0,351.57,0,'',0,'',1,'',0,0,1,'Van','Hipertens?o'),(36,1,3,0,420.20,1,'',1,'Unimed',0,'Defici?ncia motora',1,1,1,'A p?','Diabetes'),(37,1,2,0,212.16,1,'',1,'Amil',1,'',1,0,1,'Carro','Hipertens?o'),(38,1,4,1,109.97,0,'Alergia a p?len',0,'',1,'',0,0,1,'Carro','Nenhuma'),(39,1,3,0,178.20,0,'',0,'Unimed',0,'',0,0,0,'Van','Hipertens?o'),(40,0,3,1,396.40,0,'',1,'Unimed',0,'Defici?ncia auditiva',1,0,1,'Carro','Diabetes'),(41,0,0,0,457.71,0,'',1,'Amil',1,'Defici?ncia motora',0,1,1,'?nibus','Diabetes'),(42,1,5,1,189.58,0,'Alergia alimentar',1,'Amil',1,'',1,1,1,'Carro','Hipertens?o'),(43,1,2,0,259.66,0,'',1,'Amil',1,'Defici?ncia motora',1,1,0,'Carro','Hipertens?o'),(44,1,0,0,50.57,1,'Asma',0,'',1,'Defici?ncia motora',0,0,0,'A p?',''),(45,1,3,0,200.15,0,'',1,'Unimed',1,'',1,0,1,'A p?','Diabetes'),(46,1,2,1,385.39,1,'Alergia a p?len',0,'Unimed',1,'',1,1,0,'?nibus','Hipertens?o'),(47,1,2,0,119.80,1,'',0,'',0,'Defici?ncia motora',1,0,1,'A p?','Nenhuma'),(48,1,1,0,344.87,1,'Asma',1,'Amil',0,'Defici?ncia auditiva',0,1,1,'A p?',''),(49,0,2,0,107.95,1,'Asma',1,'Unimed',1,'',0,1,0,'A p?',''),(50,0,1,0,378.32,1,'Alergia a p?len',0,'Amil',0,'Defici?ncia motora',0,1,0,'Carro','Hipertens?o'),(51,1,1,1,352.15,0,'Alergia alimentar',0,'Unimed',1,'',0,0,0,'Van',''),(52,1,5,0,217.01,0,'Alergia alimentar',1,'',0,'Defici?ncia auditiva',1,0,1,'Carro',''),(53,1,3,0,261.60,1,'Alergia a p?len',1,'',1,'Defici?ncia motora',1,1,0,'A p?','Diabetes'),(54,1,1,0,332.76,0,'',0,'Unimed',1,'Defici?ncia auditiva',0,0,1,'?nibus','Hipertens?o'),(55,0,4,0,434.20,0,'Alergia alimentar',1,'',1,'',1,0,0,'Van','Hipertens?o'),(56,1,2,1,92.01,1,'Alergia a p?len',0,'',1,'Defici?ncia motora',1,0,0,'Van','Nenhuma'),(57,1,3,1,182.66,1,'Asma',0,'Unimed',0,'Defici?ncia auditiva',1,1,1,'Van','Diabetes'),(58,0,1,0,397.47,1,'Alergia a p?len',1,'Amil',0,'',0,1,1,'?nibus',''),(59,0,5,0,24.89,0,'Alergia a p?len',0,'Unimed',1,'Defici?ncia auditiva',0,0,1,'Carro','Hipertens?o'),(60,0,4,0,97.54,1,'Asma',0,'',1,'Defici?ncia motora',0,0,0,'A p?','Hipertens?o'),(61,1,1,0,51.80,0,'',0,'',0,'',1,1,1,'?nibus','Diabetes'),(62,0,3,1,472.58,0,'',0,'Unimed',0,'',0,1,0,'A p?','Diabetes'),(63,1,5,1,496.42,1,'Asma',0,'Amil',1,'',1,0,1,'Van',''),(64,0,5,0,23.52,0,'',1,'Unimed',0,'Defici?ncia auditiva',0,1,0,'?nibus','Nenhuma'),(65,1,4,1,470.62,0,'Alergia alimentar',0,'Amil',1,'Defici?ncia motora',0,1,1,'Carro','Hipertens?o'),(66,0,5,1,382.02,0,'Asma',0,'',0,'Defici?ncia auditiva',0,1,1,'Carro',''),(67,1,2,0,315.35,0,'',1,'Unimed',0,'Defici?ncia motora',1,1,1,'?nibus','Diabetes'),(68,1,2,1,77.82,0,'',1,'',0,'Defici?ncia motora',0,0,1,'Carro','Diabetes'),(69,1,2,1,282.41,0,'Alergia alimentar',0,'Unimed',1,'Defici?ncia motora',1,0,1,'A p?',''),(70,1,2,0,341.59,1,'Alergia a p?len',1,'',0,'Defici?ncia auditiva',0,1,0,'Van',''),(71,0,0,1,281.62,1,'Alergia alimentar',1,'Amil',1,'Defici?ncia motora',0,1,1,'Van','Hipertens?o'),(72,0,1,0,100.11,1,'',1,'Unimed',1,'Defici?ncia motora',0,1,0,'Carro','Diabetes'),(73,0,2,0,202.51,0,'Alergia alimentar',0,'',1,'Defici?ncia auditiva',0,0,1,'?nibus',''),(74,1,4,1,75.27,0,'Alergia a p?len',0,'',1,'Defici?ncia motora',1,0,0,'Carro',''),(75,1,5,1,350.21,1,'Asma',0,'',1,'',0,0,1,'Van','Diabetes'),(76,1,3,0,110.67,0,'Asma',0,'Amil',1,'Defici?ncia auditiva',0,0,1,'Van','Nenhuma'),(77,1,5,0,22.26,1,'',0,'',0,'Defici?ncia motora',0,0,1,'Van','Hipertens?o'),(78,1,5,1,132.17,0,'',0,'',0,'Defici?ncia auditiva',1,1,0,'Carro','Diabetes'),(79,1,4,1,491.10,0,'Alergia a p?len',0,'Unimed',0,'',1,0,1,'?nibus','Hipertens?o'),(80,1,2,1,407.63,1,'Alergia a p?len',1,'Unimed',1,'Defici?ncia motora',0,1,0,'A p?','Diabetes'),(81,0,4,1,368.74,0,'Asma',1,'Amil',1,'Defici?ncia auditiva',1,0,1,'Carro','Diabetes'),(82,0,4,1,399.67,0,'Asma',1,'',0,'',1,1,0,'A p?','Nenhuma'),(83,0,4,0,286.95,1,'',0,'Unimed',1,'Defici?ncia auditiva',0,0,1,'Carro','Nenhuma'),(84,1,2,1,253.33,1,'',1,'',1,'Defici?ncia motora',0,0,1,'A p?','Hipertens?o'),(85,0,5,0,87.07,1,'Alergia alimentar',0,'Amil',1,'Defici?ncia motora',0,1,0,'?nibus','Diabetes'),(86,1,0,1,402.48,0,'',0,'Unimed',0,'',1,1,0,'A p?','Hipertens?o'),(87,0,4,0,262.63,0,'',1,'Unimed',0,'Defici?ncia auditiva',0,0,0,'Carro','Nenhuma'),(88,0,3,1,231.70,1,'',1,'',0,'Defici?ncia motora',1,1,0,'Van','Nenhuma'),(89,0,5,1,275.34,1,'',1,'',1,'',1,0,1,'Van','Hipertens?o'),(90,0,5,0,427.93,0,'',0,'',1,'Defici?ncia motora',1,0,1,'?nibus','Hipertens?o'),(91,0,5,0,219.11,1,'Asma',0,'Amil',0,'Defici?ncia auditiva',1,1,0,'Carro',''),(92,1,2,1,383.11,0,'Alergia a p?len',1,'Amil',0,'',0,0,1,'A p?','Diabetes'),(93,0,2,1,364.31,1,'Alergia alimentar',0,'Amil',0,'Defici?ncia motora',1,0,0,'?nibus','Hipertens?o'),(94,0,2,1,263.54,0,'Alergia alimentar',1,'',1,'Defici?ncia auditiva',1,0,1,'?nibus','Diabetes'),(95,0,4,0,114.01,0,'Alergia alimentar',1,'',0,'Defici?ncia motora',1,0,1,'Carro','Hipertens?o'),(96,1,5,0,24.15,0,'Alergia a p?len',1,'Amil',0,'',1,1,1,'Van','Nenhuma'),(97,1,5,0,343.09,0,'Alergia alimentar',1,'Amil',1,'',0,0,0,'Carro','Diabetes'),(98,0,2,0,136.46,1,'Asma',1,'',1,'Defici?ncia auditiva',0,1,1,'Van','Diabetes'),(99,0,5,0,89.67,1,'Asma',0,'Amil',0,'Defici?ncia auditiva',1,1,0,'A p?','Hipertens?o'),(100,0,4,1,89.04,1,'',1,'Amil',1,'Defici?ncia motora',0,0,1,'Van','Diabetes');
/*!40000 ALTER TABLE `tb_estrutura_familiar` ENABLE KEYS */;
UNLOCK TABLES;

--
-- Table structure for table `tb_funcionario`
--

DROP TABLE IF EXISTS `tb_funcionario`;
/*!40101 SET @saved_cs_client     = @@character_set_client */;
/*!40101 SET character_set_client = utf8 */;
CREATE TABLE `tb_funcionario` (
  `id_funcionario` int(11) NOT NULL AUTO_INCREMENT,
  `nome` varchar(200) DEFAULT NULL,
  `email` varchar(100) DEFAULT NULL,
  `senha` varchar(20) DEFAULT NULL,
  `celular` varchar(20) DEFAULT NULL,
  `cpf` varchar(14) DEFAULT NULL,
  PRIMARY KEY (`id_funcionario`),
  UNIQUE KEY `id_funcionario` (`id_funcionario`)
) ENGINE=InnoDB AUTO_INCREMENT=128 DEFAULT CHARSET=utf8mb4 COLLATE=utf8mb4_general_ci;
/*!40101 SET character_set_client = @saved_cs_client */;

--
-- Dumping data for table `tb_funcionario`
--

LOCK TABLES `tb_funcionario` WRITE;
/*!40000 ALTER TABLE `tb_funcionario` DISABLE KEYS */;
INSERT INTO `tb_funcionario` VALUES (1,'Pedro Costa','user9309@email.com','senha123','11992743416','85977975106'),(2,'Carlos Pereira','user9883@email.com','senha123','11995895124','84681898601'),(3,'Jo?o Costa','user5401@email.com','senha123','11908663523','83155891739'),(4,'Pedro Oliveira','user5022@email.com','senha123','11976184869','37242361062'),(5,'Jo?o Santos','user4738@email.com','senha123','11967451879','95604279269'),(6,'Ana Costa','user8418@email.com','senha123','11978603631','46421590099'),(7,'Ana Silva','user5666@email.com','senha123','11949554461','80008939131'),(8,'Carlos Pereira','user1924@email.com','senha123','11992152227','12742230652'),(9,'Jo?o Costa','user0741@email.com','senha123','11982806719','92621408451'),(10,'Maria Pereira','user5590@email.com','senha123','11946925078','70218822992'),(11,'Pedro Pereira','user5938@email.com','senha123','11992462387','85765066635'),(12,'Carlos Pereira','user9490@email.com','senha123','11979233161','20302706398'),(13,'Maria Pereira','user5812@email.com','senha123','11900556948','35584149877'),(14,'Carlos Silva','user6379@email.com','senha123','11967844779','53066820355'),(15,'Jo?o Santos','user6818@email.com','senha123','11935715396','76615009890'),(16,'Ana Costa','user7437@email.com','senha123','11993933309','51905648318'),(17,'Carlos Silva','user2378@email.com','senha123','11972795836','93387271829'),(18,'Carlos Oliveira','user9746@email.com','senha123','11948069180','53156813078'),(19,'Pedro Santos','user8287@email.com','senha123','11912657666','23195641323'),(20,'Jo?o Santos','user5747@email.com','senha123','11989251235','76468778537'),(21,'Maria Costa','user2557@email.com','senha123','11969765026','74910907032'),(22,'Carlos Oliveira','user4722@email.com','senha123','11915368654','41678093645'),(23,'Jo?o Oliveira','user2947@email.com','senha123','11915867513','91841123002'),(24,'Maria Pereira','user9153@email.com','senha123','11970002777','77883079105'),(25,'Ana Silva','user4525@email.com','senha123','11998296623','60152196334'),(26,'Pedro Oliveira','user0627@email.com','senha123','11976849445','68904776105'),(27,'Pedro Costa','user4566@email.com','senha123','11966856585','97564452706'),(28,'Pedro Santos','user3038@email.com','senha123','11939052492','13710554459'),(29,'Maria Silva','user1421@email.com','senha123','11956280713','44909225287'),(30,'Jo?o Silva','user7033@email.com','senha123','11924300499','19445970700'),(31,'Ana Pereira','user9324@email.com','senha123','11967026962','59868443346'),(32,'Ana Silva','user4011@email.com','senha123','11959752939','80586462151'),(33,'Maria Santos','user0710@email.com','senha123','11948038088','27003345477'),(34,'Carlos Costa','user2429@email.com','senha123','11936220863','17427681253'),(35,'Jo?o Santos','user9345@email.com','senha123','11952522602','84020303164'),(36,'Carlos Santos','user4676@email.com','senha123','11969173937','15024029533'),(37,'Jo?o Costa','user6483@email.com','senha123','11968570249','53513297515'),(38,'Jo?o Santos','user6743@email.com','senha123','11931855453','61278065052'),(39,'Pedro Pereira','user1023@email.com','senha123','11924227759','91418061778'),(40,'Ana Santos','user9509@email.com','senha123','11995074600','91074721505'),(41,'Ana Oliveira','user8296@email.com','senha123','11947695653','90628615244'),(42,'Maria Oliveira','user6288@email.com','senha123','11947965242','56053566379'),(43,'Maria Silva','user9550@email.com','senha123','11958693473','16260310044'),(44,'Carlos Pereira','user8704@email.com','senha123','11917323480','32944090769'),(45,'Ana Silva','user7852@email.com','senha123','11989623079','21281949226'),(46,'Pedro Santos','user7575@email.com','senha123','11984441620','95464457808'),(47,'Jo?o Santos','user4810@email.com','senha123','11972986406','28565011721'),(48,'Pedro Oliveira','user4254@email.com','senha123','11935640716','55532446694'),(49,'Carlos Pereira','user5392@email.com','senha123','11934363619','19064431832'),(50,'Carlos Silva','user8880@email.com','senha123','11925649335','65655810623'),(51,'Jo?o Pereira','user8192@email.com','senha123','11982413740','69667140207'),(52,'Pedro Santos','user5889@email.com','senha123','11927484364','64673229953'),(53,'Jo?o Santos','user5709@email.com','senha123','11912902118','93902516470'),(54,'Jo?o Oliveira','user0484@email.com','senha123','11951928914','50620321100'),(55,'Ana Silva','user6039@email.com','senha123','11959938794','26665526699'),(56,'Maria Silva','user0318@email.com','senha123','11990999854','50917259743'),(57,'Carlos Santos','user1306@email.com','senha123','11959663022','63238539735'),(58,'Maria Silva','user8186@email.com','senha123','11989997510','13955397730'),(59,'Carlos Oliveira','user7768@email.com','senha123','11948218220','17249901841'),(60,'Pedro Oliveira','user8286@email.com','senha123','11952484932','22446972832'),(61,'Maria Silva','user4984@email.com','senha123','11998252136','47562185402'),(62,'Maria Oliveira','user8025@email.com','senha123','11968067702','99612475446'),(63,'Pedro Pereira','user6662@email.com','senha123','11924596591','30793636478'),(64,'Carlos Santos','user7151@email.com','senha123','11939524377','84785678213'),(65,'Pedro Santos','user8543@email.com','senha123','11921488791','56025106464'),(66,'Pedro Silva','user3995@email.com','senha123','11991548541','44115635495'),(67,'Maria Pereira','user5889@email.com','senha123','11912326895','86464890088'),(68,'Pedro Costa','user5772@email.com','senha123','11935879535','15616861261'),(69,'Jo?o Costa','user2484@email.com','senha123','11926883958','63905473354'),(70,'Maria Silva','user1568@email.com','senha123','11935115125','35679317335'),(71,'Jo?o Silva','user9299@email.com','senha123','11962012596','37966450627'),(72,'Ana Oliveira','user5918@email.com','senha123','11935608418','10443968372'),(73,'Pedro Pereira','user9670@email.com','senha123','11953360064','79009252337'),(74,'Jo?o Costa','user6254@email.com','senha123','11953253317','80766289932'),(75,'Jo?o Santos','user5506@email.com','senha123','11982152074','51032738397'),(76,'Pedro Pereira','user0920@email.com','senha123','11933758868','47084088015'),(77,'Maria Silva','user8634@email.com','senha123','11931380606','98077797086'),(78,'Pedro Costa','user2598@email.com','senha123','11982993124','43320720524'),(79,'Jo?o Pereira','user3964@email.com','senha123','11989376035','35161486961'),(80,'Ana Pereira','user5712@email.com','senha123','11962327982','46261586440'),(81,'Maria Oliveira','user1397@email.com','senha123','11915401751','41602073638'),(82,'Jo?o Oliveira','user1926@email.com','senha123','11971887900','11496517734'),(83,'Pedro Oliveira','user1337@email.com','senha123','11992032648','28063168486'),(84,'Jo?o Pereira','user3251@email.com','senha123','11979401824','99523113377'),(85,'Carlos Costa','user0915@email.com','senha123','11953761783','47245696472'),(86,'Carlos Silva','user8321@email.com','senha123','11903991769','73289151845'),(87,'Jo?o Costa','user1707@email.com','senha123','11923749642','70798135884'),(88,'Ana Santos','user5010@email.com','senha123','11960727226','57989936384'),(89,'Pedro Pereira','user5761@email.com','senha123','11901500616','41212553270'),(90,'Ana Oliveira','user9561@email.com','senha123','11956696237','96964938506'),(91,'Maria Pereira','user3768@email.com','senha123','11962305619','98637258445'),(92,'Maria Santos','user4398@email.com','senha123','11923608190','87479556181'),(93,'Carlos Santos','user2026@email.com','senha123','11981819791','53494970819'),(94,'Pedro Santos','user9103@email.com','senha123','11947407354','67553212826'),(95,'Ana Costa','user4618@email.com','senha123','11943642159','81714414945'),(96,'Ana Costa','user8947@email.com','senha123','11952202299','93334734144'),(97,'Maria Oliveira','user5109@email.com','senha123','11993351776','22133436763'),(98,'Pedro Costa','user1954@email.com','senha123','11908716707','86482234341'),(99,'Pedro Santos','user9782@email.com','senha123','11972665262','72873926527'),(100,'Jo?o Oliveira','user4079@email.com','senha123','11963106997','93862089461');
/*!40000 ALTER TABLE `tb_funcionario` ENABLE KEYS */;
UNLOCK TABLES;

--
-- Table structure for table `tb_mae`
--

DROP TABLE IF EXISTS `tb_mae`;
/*!40101 SET @saved_cs_client     = @@character_set_client */;
/*!40101 SET character_set_client = utf8 */;
CREATE TABLE `tb_mae` (
  `id_mae` int(11) NOT NULL AUTO_INCREMENT,
  `nome` varchar(200) DEFAULT NULL,
  `data_nascimento` date DEFAULT NULL,
  `estado_civil` varchar(20) DEFAULT NULL,
  `escolaridade` varchar(40) DEFAULT NULL,
  `celular` varchar(20) DEFAULT NULL,
  `email` varchar(100) DEFAULT NULL,
  `nome_empresa` varchar(100) DEFAULT NULL,
  `profissao` varchar(100) DEFAULT NULL,
  `telefone_trabalho` varchar(20) DEFAULT NULL,
  `horario_trabalho` time DEFAULT NULL,
  `salario` decimal(10,2) DEFAULT NULL,
  `renda_extra` tinyint(1) DEFAULT NULL,
  PRIMARY KEY (`id_mae`),
  UNIQUE KEY `id_mae` (`id_mae`)
) ENGINE=InnoDB AUTO_INCREMENT=128 DEFAULT CHARSET=utf8mb4 COLLATE=utf8mb4_general_ci;
/*!40101 SET character_set_client = @saved_cs_client */;

--
-- Dumping data for table `tb_mae`
--

LOCK TABLES `tb_mae` WRITE;
/*!40000 ALTER TABLE `tb_mae` DISABLE KEYS */;
INSERT INTO `tb_mae` VALUES (1,'Maria Silva','1970-03-21','Casada','P?s-gradua??o','11943672735','mae5941@email.com','Empresa D','Recepcionista','11961621263','05:13:37',4559.36,0),(2,'Pedro Silva','1966-06-07','Divorciada','Superior','11916322242','mae9331@email.com','Empresa A','Professora','11987852262','01:29:01',1925.04,0),(3,'Maria Santos','1993-05-23','Divorciada','Superior','11979314491','mae9355@email.com','Empresa B','Vendedora','11953363690','06:06:23',3309.57,0),(4,'Ana Pereira','1960-11-11','Divorciada','Fundamental','11961469236','mae0299@email.com','Empresa B','Recepcionista','11927000327','00:22:59',3026.54,1),(5,'Pedro Pereira','1993-11-04','Casada','P?s-gradua??o','11980390354','mae7686@email.com','Empresa C','Gerente','11995877254','02:25:24',2841.42,1),(6,'Ana Costa','1996-08-23','Divorciada','Ensino M?dio','11996779261','mae4714@email.com','Empresa C','Gerente','11991104755','09:55:07',2404.75,0),(7,'Maria Silva','1967-04-30','Solteira','P?s-gradua??o','11909307969','mae8850@email.com','Empresa A','Professora','11993459329','04:29:44',3276.29,1),(8,'Maria Oliveira','1980-07-11','Divorciada','Ensino M?dio','11933894026','mae9882@email.com','Empresa E','Vendedora','11951574222','06:03:03',3413.08,1),(9,'Carlos Oliveira','1994-02-06','Solteira','Ensino M?dio','11914981600','mae7248@email.com','Empresa A','Vendedora','11996651915','07:23:11',4674.66,1),(10,'Jo?o Pereira','1996-08-15','Casada','Superior','11934254677','mae5435@email.com','Empresa D','Gerente','11902710066','06:46:20',2719.61,0),(11,'Carlos Santos','1972-10-21','Casada','Ensino M?dio','11901853194','mae5040@email.com','Empresa C','Gerente','11966002868','08:40:44',2937.69,0),(12,'Pedro Costa','1974-05-26','Divorciada','Superior','11990976332','mae4015@email.com','Empresa B','Professora','11909841742','09:19:20',2963.60,0),(13,'Maria Santos','1961-10-08','Solteira','P?s-gradua??o','11952368589','mae2557@email.com','Empresa D','Vendedora','11972403155','03:07:38',3066.43,0),(14,'Pedro Oliveira','1998-12-24','Casada','Superior','11940486802','mae8850@email.com','Empresa B','Enfermeira','11935462528','05:48:55',4875.54,0),(15,'Pedro Pereira','1984-03-16','Divorciada','Ensino M?dio','11968652473','mae0114@email.com','Empresa E','Gerente','11976612603','09:45:42',3830.08,1),(16,'Maria Costa','1998-11-16','Casada','Ensino M?dio','11957877837','mae3146@email.com','Empresa E','Enfermeira','11968835473','07:13:37',3693.65,1),(17,'Jo?o Oliveira','1987-03-01','Casada','Superior','11909058298','mae5742@email.com','Empresa C','Enfermeira','11956869101','00:14:15',3150.95,1),(18,'Ana Pereira','1998-12-10','Solteira','Ensino M?dio','11921944717','mae4923@email.com','Empresa E','Recepcionista','11928298846','07:59:47',2097.21,0),(19,'Jo?o Oliveira','1993-12-06','Casada','Superior','11966146116','mae8380@email.com','Empresa B','Recepcionista','11995377514','02:15:53',2584.32,1),(20,'Carlos Costa','1987-06-26','Solteira','Ensino M?dio','11969742181','mae2954@email.com','Empresa B','Professora','11902784395','00:18:17',1775.77,0),(21,'Maria Oliveira','1980-03-14','Divorciada','Ensino M?dio','11968524504','mae1556@email.com','Empresa D','Professora','11955048452','03:13:32',5345.41,1),(22,'Jo?o Silva','1989-11-30','Solteira','Ensino M?dio','11942730470','mae5218@email.com','Empresa B','Professora','11936454435','06:09:23',5438.51,0),(23,'Carlos Costa','1990-05-15','Casada','P?s-gradua??o','11911314362','mae7246@email.com','Empresa B','Enfermeira','11936961754','01:09:31',3382.26,0),(24,'Ana Silva','1983-01-28','Solteira','Fundamental','11962873627','mae9543@email.com','Empresa E','Recepcionista','11916605658','01:22:02',2241.96,1),(25,'Maria Oliveira','1964-08-13','Divorciada','P?s-gradua??o','11974802950','mae4482@email.com','Empresa E','Vendedora','11920478130','01:04:12',5182.66,0),(26,'Ana Oliveira','1998-03-10','Solteira','Ensino M?dio','11990011079','mae8174@email.com','Empresa B','Recepcionista','11925128805','08:05:28',2667.25,0),(27,'Jo?o Santos','1970-07-26','Divorciada','Fundamental','11995209202','mae7847@email.com','Empresa A','Gerente','11971085427','06:03:54',5100.27,1),(28,'Ana Oliveira','1989-10-07','Divorciada','Fundamental','11999950860','mae7608@email.com','Empresa E','Vendedora','11930850119','03:04:31',3948.89,0),(29,'Pedro Costa','1970-07-09','Solteira','Fundamental','11915936346','mae2238@email.com','Empresa D','Recepcionista','11974414701','01:12:18',2980.28,0),(30,'Jo?o Santos','1999-11-02','Casada','Superior','11902492444','mae2707@email.com','Empresa B','Recepcionista','11906911441','06:01:34',4723.03,0),(31,'Ana Pereira','1968-02-21','Divorciada','Ensino M?dio','11969571461','mae9668@email.com','Empresa D','Gerente','11992999684','01:28:31',5290.74,0),(32,'Ana Santos','1978-03-27','Divorciada','P?s-gradua??o','11946833108','mae8403@email.com','Empresa D','Recepcionista','11992354130','02:17:38',3005.63,0),(33,'Pedro Pereira','1977-09-04','Divorciada','Superior','11934027835','mae9066@email.com','Empresa C','Gerente','11966972557','08:14:52',1959.13,0),(34,'Maria Oliveira','1965-04-05','Divorciada','Superior','11973707269','mae6479@email.com','Empresa A','Professora','11990293668','09:13:15',5106.49,1),(35,'Maria Pereira','1961-09-16','Casada','Superior','11949983297','mae3781@email.com','Empresa B','Gerente','11992873864','01:49:41',2011.48,0),(36,'Maria Silva','1992-08-09','Divorciada','Ensino M?dio','11924040359','mae9337@email.com','Empresa E','Gerente','11983471928','03:40:35',2836.53,1),(37,'Pedro Oliveira','1965-05-16','Divorciada','Ensino M?dio','11987140144','mae9132@email.com','Empresa E','Professora','11924409718','01:36:19',1781.83,1),(38,'Maria Silva','1998-01-10','Solteira','P?s-gradua??o','11933759846','mae0653@email.com','Empresa B','Enfermeira','11992248471','04:56:31',4314.56,0),(39,'Maria Santos','1963-01-09','Divorciada','Ensino M?dio','11994282711','mae1495@email.com','Empresa E','Professora','11997589764','04:23:49',2583.58,0),(40,'Jo?o Pereira','1981-05-31','Solteira','P?s-gradua??o','11914325372','mae3978@email.com','Empresa C','Vendedora','11933548512','08:41:44',2865.73,0),(41,'Carlos Silva','1967-10-26','Divorciada','Superior','11965183434','mae3583@email.com','Empresa E','Professora','11901622782','07:40:01',4639.71,1),(42,'Ana Costa','1979-09-07','Divorciada','P?s-gradua??o','11969572088','mae5940@email.com','Empresa E','Vendedora','11951327635','06:41:32',4725.24,0),(43,'Ana Oliveira','1998-05-31','Divorciada','Fundamental','11943092880','mae1620@email.com','Empresa C','Professora','11994355072','04:12:40',2599.92,0),(44,'Ana Santos','1982-08-14','Solteira','P?s-gradua??o','11967226981','mae7192@email.com','Empresa C','Vendedora','11995454965','05:34:27',5194.24,1),(45,'Pedro Costa','1965-11-14','Casada','P?s-gradua??o','11967485117','mae8979@email.com','Empresa C','Vendedora','11976539811','09:18:13',2922.57,1),(46,'Pedro Santos','1988-05-03','Casada','P?s-gradua??o','11958526793','mae1101@email.com','Empresa D','Vendedora','11982403716','01:57:37',3532.50,1),(47,'Jo?o Santos','1962-06-24','Divorciada','P?s-gradua??o','11927608794','mae6627@email.com','Empresa C','Recepcionista','11974007125','03:49:25',4266.73,0),(48,'Carlos Oliveira','1963-09-03','Solteira','Ensino M?dio','11920087071','mae5564@email.com','Empresa A','Enfermeira','11960111248','03:13:09',4725.49,0),(49,'Pedro Santos','1998-05-03','Solteira','P?s-gradua??o','11944437296','mae8085@email.com','Empresa D','Professora','11948624753','00:37:08',4903.14,0),(50,'Ana Pereira','1987-04-30','Casada','Ensino M?dio','11942081661','mae6870@email.com','Empresa A','Gerente','11949098639','00:29:51',4603.38,1),(51,'Jo?o Oliveira','1994-11-20','Casada','Fundamental','11942149864','mae8766@email.com','Empresa A','Gerente','11946144184','04:10:01',4297.08,0),(52,'Maria Costa','1990-12-25','Casada','Superior','11929739525','mae5845@email.com','Empresa A','Enfermeira','11989817376','02:58:30',4672.24,0),(53,'Pedro Pereira','1977-09-03','Divorciada','P?s-gradua??o','11961854055','mae1990@email.com','Empresa A','Professora','11907747778','00:54:13',2377.98,1),(54,'Carlos Costa','1999-11-29','Casada','P?s-gradua??o','11976854746','mae8476@email.com','Empresa E','Professora','11980050320','06:26:13',4768.38,0),(55,'Jo?o Silva','1971-03-22','Solteira','Ensino M?dio','11932706262','mae6059@email.com','Empresa A','Recepcionista','11997274234','05:55:57',1692.26,0),(56,'Maria Oliveira','1977-04-05','Divorciada','Fundamental','11997071522','mae0708@email.com','Empresa C','Gerente','11965213945','02:44:49',3168.46,0),(57,'Maria Oliveira','1988-02-16','Solteira','Superior','11959935761','mae9371@email.com','Empresa E','Vendedora','11946918806','04:40:06',5206.58,0),(58,'Jo?o Santos','1962-07-27','Solteira','Fundamental','11952545270','mae9696@email.com','Empresa B','Recepcionista','11943871519','08:24:27',5050.76,1),(59,'Pedro Costa','1982-08-12','Divorciada','Ensino M?dio','11995914884','mae1397@email.com','Empresa E','Vendedora','11996193742','07:33:06',5060.19,0),(60,'Jo?o Pereira','1968-03-27','Divorciada','Ensino M?dio','11948148927','mae3174@email.com','Empresa A','Vendedora','11937623812','05:59:14',4960.04,1),(61,'Maria Pereira','1994-07-29','Divorciada','Superior','11947732435','mae3354@email.com','Empresa B','Enfermeira','11935774796','01:19:55',3871.37,1),(62,'Maria Oliveira','1980-03-23','Divorciada','Ensino M?dio','11923062656','mae5113@email.com','Empresa E','Vendedora','11935646627','04:07:02',5456.92,1),(63,'Carlos Costa','1990-04-25','Divorciada','Fundamental','11908786622','mae8409@email.com','Empresa E','Professora','11909307732','09:09:10',2688.64,1),(64,'Pedro Costa','1973-01-31','Divorciada','Fundamental','11978294680','mae7226@email.com','Empresa B','Professora','11997478445','04:08:00',2069.57,0),(65,'Pedro Santos','1983-02-09','Casada','P?s-gradua??o','11996343900','mae2643@email.com','Empresa C','Enfermeira','11951783808','05:01:37',5340.10,0),(66,'Carlos Silva','1985-05-02','Divorciada','P?s-gradua??o','11936662620','mae9372@email.com','Empresa C','Professora','11984329222','08:32:54',4477.29,0),(67,'Carlos Santos','1968-07-06','Solteira','Ensino M?dio','11967591803','mae7563@email.com','Empresa D','Recepcionista','11924411175','07:10:03',4905.89,0),(68,'Pedro Oliveira','1961-06-18','Solteira','Fundamental','11913522137','mae5687@email.com','Empresa C','Recepcionista','11910506608','00:44:19',1716.91,0),(69,'Maria Santos','1995-07-27','Divorciada','Fundamental','11942872410','mae4742@email.com','Empresa A','Professora','11975649612','07:45:20',3933.68,1),(70,'Ana Pereira','1968-05-04','Solteira','Superior','11994418710','mae2278@email.com','Empresa B','Gerente','11931953786','00:32:55',2762.78,0),(71,'Maria Santos','1981-02-17','Solteira','Ensino M?dio','11948549989','mae1852@email.com','Empresa C','Vendedora','11955192400','03:49:58',2542.48,0),(72,'Pedro Oliveira','1986-02-05','Casada','P?s-gradua??o','11958395685','mae0356@email.com','Empresa C','Professora','11983660253','01:08:39',1749.18,1),(73,'Ana Santos','1965-09-22','Solteira','Fundamental','11935135202','mae9056@email.com','Empresa C','Vendedora','11984853102','02:47:56',4915.46,0),(74,'Carlos Pereira','1982-01-03','Casada','Superior','11930863366','mae0847@email.com','Empresa C','Enfermeira','11967661501','06:48:51',3009.30,1),(75,'Maria Costa','1995-10-08','Divorciada','Fundamental','11962476218','mae5996@email.com','Empresa A','Gerente','11972640440','01:44:10',4255.50,1),(76,'Carlos Costa','1989-09-14','Casada','Ensino M?dio','11956925484','mae4010@email.com','Empresa B','Enfermeira','11952201899','07:37:14',2477.06,1),(77,'Pedro Costa','1971-10-25','Divorciada','Ensino M?dio','11905849199','mae9188@email.com','Empresa C','Enfermeira','11943406566','01:33:26',3405.95,1),(78,'Maria Costa','1980-07-09','Casada','Ensino M?dio','11917367070','mae4108@email.com','Empresa C','Recepcionista','11956364497','05:12:24',5149.62,0),(79,'Jo?o Santos','1969-02-15','Divorciada','Fundamental','11968737543','mae8701@email.com','Empresa B','Gerente','11929812166','09:55:17',1765.56,0),(80,'Carlos Costa','1984-10-29','Casada','Ensino M?dio','11966186544','mae6512@email.com','Empresa B','Enfermeira','11918279020','07:10:25',1653.91,0),(81,'Maria Santos','1988-12-27','Casada','Fundamental','11984895821','mae2232@email.com','Empresa C','Professora','11917102973','03:16:57',2013.02,1),(82,'Pedro Oliveira','1964-06-22','Divorciada','Ensino M?dio','11927118879','mae2939@email.com','Empresa D','Enfermeira','11901561323','08:53:10',3085.17,0),(83,'Jo?o Costa','1967-06-15','Solteira','Ensino M?dio','11951351530','mae0227@email.com','Empresa C','Vendedora','11925566171','08:56:39',4320.67,1),(84,'Maria Costa','1980-06-03','Casada','Fundamental','11932940409','mae7167@email.com','Empresa C','Gerente','11934409760','02:25:36',2224.34,0),(85,'Jo?o Silva','1964-05-29','Divorciada','Ensino M?dio','11933788111','mae5798@email.com','Empresa E','Vendedora','11978080212','08:25:08',4968.21,1),(86,'Carlos Costa','1973-01-23','Solteira','P?s-gradua??o','11995184160','mae7694@email.com','Empresa E','Vendedora','11926958394','04:01:00',2298.82,1),(87,'Jo?o Oliveira','1992-07-26','Casada','Superior','11935022562','mae4522@email.com','Empresa B','Vendedora','11984207952','01:16:03',1930.26,0),(88,'Carlos Costa','1965-10-14','Divorciada','Superior','11911934944','mae7238@email.com','Empresa B','Professora','11988922140','00:25:24',3676.56,1),(89,'Jo?o Costa','1981-04-05','Divorciada','Ensino M?dio','11937716170','mae5849@email.com','Empresa D','Enfermeira','11967703552','07:30:40',4398.19,0),(90,'Ana Santos','1989-09-27','Casada','Ensino M?dio','11945825933','mae1956@email.com','Empresa D','Recepcionista','11933080924','03:42:12',4937.02,0),(91,'Jo?o Silva','1964-11-20','Divorciada','P?s-gradua??o','11916721047','mae5393@email.com','Empresa A','Enfermeira','11920065758','09:19:06',1728.93,0),(92,'Jo?o Costa','1967-02-15','Casada','Superior','11944325657','mae3001@email.com','Empresa A','Gerente','11925067990','03:57:37',2412.75,1),(93,'Maria Oliveira','1982-03-28','Casada','P?s-gradua??o','11971882266','mae7722@email.com','Empresa D','Enfermeira','11991572420','09:36:40',1733.75,0),(94,'Pedro Silva','1961-03-29','Casada','P?s-gradua??o','11943153262','mae7051@email.com','Empresa B','Professora','11950294764','03:58:25',3412.30,0),(95,'Carlos Silva','1989-04-24','Divorciada','Superior','11993576489','mae8352@email.com','Empresa B','Enfermeira','11958827157','09:14:33',4926.24,1),(96,'Pedro Santos','1963-11-18','Casada','Fundamental','11941725153','mae4063@email.com','Empresa D','Vendedora','11905907671','02:33:53',1920.56,1),(97,'Carlos Silva','1964-03-15','Casada','Ensino M?dio','11912173270','mae5037@email.com','Empresa A','Enfermeira','11981967857','03:18:14',2271.90,1),(98,'Jo?o Oliveira','1969-12-27','Solteira','P?s-gradua??o','11967510966','mae7527@email.com','Empresa D','Recepcionista','11995198015','04:35:50',3271.19,1),(99,'Pedro Pereira','1997-05-31','Solteira','P?s-gradua??o','11953843252','mae1864@email.com','Empresa B','Professora','11916919959','07:44:46',2962.15,1),(100,'Carlos Pereira','1971-01-05','Divorciada','Ensino M?dio','11930847254','mae9737@email.com','Empresa E','Vendedora','11914627673','03:27:24',2658.56,0);
/*!40000 ALTER TABLE `tb_mae` ENABLE KEYS */;
UNLOCK TABLES;

--
-- Table structure for table `tb_matricula`
--

DROP TABLE IF EXISTS `tb_matricula`;
/*!40101 SET @saved_cs_client     = @@character_set_client */;
/*!40101 SET character_set_client = utf8 */;
CREATE TABLE `tb_matricula` (
  `id_matricula` int(11) NOT NULL AUTO_INCREMENT,
  `aluno` int(11) DEFAULT NULL,
  `mae` int(11) DEFAULT NULL,
  `pai` int(11) DEFAULT NULL,
  `estrutura_familiar` int(11) DEFAULT NULL,
  `funcionario` int(11) DEFAULT NULL,
  `data` datetime DEFAULT NULL,
  PRIMARY KEY (`id_matricula`),
  UNIQUE KEY `id_matricula` (`id_matricula`),
  KEY `aluno` (`aluno`),
  KEY `mae` (`mae`),
  KEY `pai` (`pai`),
  KEY `estrutura_familiar` (`estrutura_familiar`),
  KEY `funcionario` (`funcionario`),
  CONSTRAINT `tb_matricula_ibfk_1` FOREIGN KEY (`aluno`) REFERENCES `tb_alunos` (`ra_aluno`),
  CONSTRAINT `tb_matricula_ibfk_2` FOREIGN KEY (`mae`) REFERENCES `tb_mae` (`id_mae`),
  CONSTRAINT `tb_matricula_ibfk_3` FOREIGN KEY (`pai`) REFERENCES `tb_pai` (`id_pai`),
  CONSTRAINT `tb_matricula_ibfk_4` FOREIGN KEY (`estrutura_familiar`) REFERENCES `tb_estrutura_familiar` (`id`),
  CONSTRAINT `tb_matricula_ibfk_5` FOREIGN KEY (`funcionario`) REFERENCES `tb_funcionario` (`id_funcionario`)
) ENGINE=InnoDB AUTO_INCREMENT=128 DEFAULT CHARSET=utf8mb4 COLLATE=utf8mb4_general_ci;
/*!40101 SET character_set_client = @saved_cs_client */;

--
-- Dumping data for table `tb_matricula`
--

LOCK TABLES `tb_matricula` WRITE;
/*!40000 ALTER TABLE `tb_matricula` DISABLE KEYS */;
INSERT INTO `tb_matricula` VALUES (1,94,2,28,34,85,'2025-03-18 10:54:52'),(2,57,16,11,3,83,'2025-05-13 10:54:52'),(3,85,4,62,98,6,'2025-02-07 10:54:52'),(4,48,42,62,87,47,'2024-09-12 10:54:52'),(5,27,15,94,22,29,'2024-08-26 10:54:52'),(6,4,86,17,24,70,'2024-08-29 10:54:52'),(7,78,56,47,66,89,'2024-12-28 10:54:52'),(8,56,47,64,79,3,'2024-08-31 10:54:52'),(9,76,49,17,36,30,'2025-01-16 10:54:52'),(10,7,17,65,72,65,'2025-05-06 10:54:52'),(11,49,19,45,67,2,'2025-05-12 10:54:52'),(12,31,33,70,51,43,'2024-10-29 10:54:52'),(13,77,100,69,45,18,'2024-11-27 10:54:52'),(14,11,96,47,46,87,'2024-06-13 10:54:52'),(15,32,61,12,74,32,'2025-01-11 10:54:52'),(16,6,6,12,40,65,'2025-05-16 10:54:52'),(17,35,56,72,95,57,'2024-06-10 10:54:52'),(18,26,31,75,82,86,'2024-08-04 10:54:52'),(19,62,57,100,26,30,'2024-09-14 10:54:52'),(20,75,54,47,71,12,'2024-12-13 10:54:52'),(21,5,80,83,76,29,'2025-04-07 10:54:52'),(22,98,40,4,100,89,'2024-12-30 10:54:52'),(23,52,26,72,85,8,'2024-08-06 10:54:52'),(24,95,23,28,71,72,'2024-12-17 10:54:52'),(25,20,57,24,47,64,'2024-09-01 10:54:52'),(26,93,34,89,45,57,'2024-12-05 10:54:52'),(27,81,53,23,54,2,'2024-12-20 10:54:52'),(28,27,93,83,36,33,'2024-11-27 10:54:52'),(29,67,76,76,54,39,'2025-02-05 10:54:52'),(30,52,57,30,77,97,'2024-12-06 10:54:52'),(31,62,60,12,79,60,'2024-10-31 10:54:52'),(32,23,31,88,48,72,'2025-04-01 10:54:52'),(33,76,23,85,58,32,'2024-07-23 10:54:52'),(34,41,42,88,11,91,'2025-03-21 10:54:52'),(35,35,8,35,51,49,'2024-07-03 10:54:52'),(36,18,8,86,8,79,'2024-09-22 10:54:52'),(37,18,76,24,91,85,'2024-12-12 10:54:52'),(38,90,4,51,39,43,'2024-06-25 10:54:52'),(39,49,57,37,16,68,'2024-07-09 10:54:52'),(40,53,89,84,55,24,'2024-11-30 10:54:52'),(41,89,87,69,82,4,'2024-09-21 10:54:52'),(42,46,13,30,8,49,'2025-03-26 10:54:52'),(43,54,11,91,22,38,'2025-03-26 10:54:52'),(44,88,81,37,43,3,'2024-07-24 10:54:52'),(45,27,70,70,41,94,'2024-12-16 10:54:52'),(46,55,33,98,91,59,'2025-03-15 10:54:52'),(47,38,22,92,96,3,'2025-03-04 10:54:52'),(48,23,33,98,88,47,'2024-09-19 10:54:52'),(49,16,65,77,89,13,'2024-06-09 10:54:52'),(50,58,90,77,12,30,'2025-04-21 10:54:52'),(51,76,39,69,25,20,'2025-03-22 10:54:52'),(52,48,77,39,62,95,'2024-07-30 10:54:52'),(53,45,67,98,89,50,'2024-08-09 10:54:52'),(54,65,75,79,70,13,'2024-11-17 10:54:52'),(55,38,21,91,90,79,'2025-03-17 10:54:52'),(56,77,17,53,15,14,'2025-03-02 10:54:52'),(57,90,70,81,92,18,'2025-04-15 10:54:52'),(58,18,46,74,33,43,'2025-04-16 10:54:52'),(59,44,74,37,65,14,'2024-09-15 10:54:52'),(60,22,93,96,2,22,'2025-05-24 10:54:52'),(61,54,55,13,2,67,'2025-02-12 10:54:52'),(62,56,85,54,15,14,'2025-03-12 10:54:52'),(63,78,18,55,20,33,'2025-05-12 10:54:52'),(64,37,62,100,12,61,'2024-09-30 10:54:52'),(65,60,93,82,34,21,'2025-05-21 10:54:52'),(66,60,86,46,75,37,'2024-11-05 10:54:52'),(67,83,36,30,44,30,'2025-04-11 10:54:52'),(68,90,100,30,48,50,'2025-05-13 10:54:52'),(69,84,99,44,19,65,'2024-10-05 10:54:52'),(70,42,5,99,82,10,'2025-05-18 10:54:52'),(71,98,70,58,77,13,'2025-02-08 10:54:52'),(72,25,25,52,82,54,'2025-03-17 10:54:52'),(73,53,94,12,77,51,'2025-03-27 10:54:52'),(74,48,79,53,25,64,'2024-12-16 10:54:52'),(75,46,83,80,51,13,'2025-04-28 10:54:52'),(76,18,55,20,36,18,'2024-08-18 10:54:52'),(77,50,7,85,2,56,'2024-09-15 10:54:52'),(78,96,63,23,28,68,'2024-11-13 10:54:52'),(79,80,28,1,21,99,'2025-02-08 10:54:52'),(80,67,35,74,64,96,'2024-07-17 10:54:52'),(81,58,22,36,15,65,'2024-08-28 10:54:52'),(82,95,39,11,36,47,'2025-03-02 10:54:52'),(83,93,84,38,40,85,'2025-05-21 10:54:52'),(84,69,29,39,9,25,'2024-06-13 10:54:52'),(85,17,91,1,34,66,'2025-02-26 10:54:52'),(86,41,22,85,60,42,'2025-02-23 10:54:52'),(87,19,6,74,50,30,'2024-06-10 10:54:52'),(88,7,35,54,65,62,'2025-04-13 10:54:52'),(89,90,3,46,19,59,'2025-02-04 10:54:52'),(90,94,67,55,70,87,'2025-03-10 10:54:52'),(91,62,35,87,32,99,'2024-06-18 10:54:52'),(92,90,55,6,65,6,'2025-01-28 10:54:52'),(93,60,92,82,30,3,'2025-02-28 10:54:52'),(94,27,52,79,39,56,'2024-10-19 10:54:52'),(95,50,58,38,17,72,'2025-05-08 10:54:52'),(96,25,1,28,36,98,'2024-08-20 10:54:52'),(97,6,87,20,35,18,'2024-08-11 10:54:52'),(98,59,47,56,41,36,'2024-11-09 10:54:52'),(99,80,24,82,36,32,'2024-11-21 10:54:52'),(100,75,12,36,40,93,'2024-12-24 10:54:52');
/*!40000 ALTER TABLE `tb_matricula` ENABLE KEYS */;
UNLOCK TABLES;

--
-- Table structure for table `tb_matricula_pessoas_autorizadas`
--

DROP TABLE IF EXISTS `tb_matricula_pessoas_autorizadas`;
/*!40101 SET @saved_cs_client     = @@character_set_client */;
/*!40101 SET character_set_client = utf8 */;
CREATE TABLE `tb_matricula_pessoas_autorizadas` (
  `id_matricula` int(11) NOT NULL,
  `id_pessoa_autorizada` int(11) NOT NULL,
  PRIMARY KEY (`id_matricula`,`id_pessoa_autorizada`),
  KEY `id_pessoa_autorizada` (`id_pessoa_autorizada`),
  CONSTRAINT `tb_matricula_pessoas_autorizadas_ibfk_1` FOREIGN KEY (`id_matricula`) REFERENCES `tb_matricula` (`id_matricula`),
  CONSTRAINT `tb_matricula_pessoas_autorizadas_ibfk_2` FOREIGN KEY (`id_pessoa_autorizada`) REFERENCES `tb_pessoas_autorizadas` (`id`)
) ENGINE=InnoDB DEFAULT CHARSET=utf8mb4 COLLATE=utf8mb4_general_ci;
/*!40101 SET character_set_client = @saved_cs_client */;

--
-- Dumping data for table `tb_matricula_pessoas_autorizadas`
--

LOCK TABLES `tb_matricula_pessoas_autorizadas` WRITE;
/*!40000 ALTER TABLE `tb_matricula_pessoas_autorizadas` DISABLE KEYS */;
/*!40000 ALTER TABLE `tb_matricula_pessoas_autorizadas` ENABLE KEYS */;
UNLOCK TABLES;

--
-- Table structure for table `tb_pai`
--

DROP TABLE IF EXISTS `tb_pai`;
/*!40101 SET @saved_cs_client     = @@character_set_client */;
/*!40101 SET character_set_client = utf8 */;
CREATE TABLE `tb_pai` (
  `id_pai` int(11) NOT NULL AUTO_INCREMENT,
  `nome` varchar(200) DEFAULT NULL,
  `data_nascimento` date DEFAULT NULL,
  `estado_civil` varchar(20) DEFAULT NULL,
  `escolaridade` varchar(40) DEFAULT NULL,
  `celular` varchar(20) DEFAULT NULL,
  `email` varchar(100) DEFAULT NULL,
  `nome_empresa` varchar(100) DEFAULT NULL,
  `profissao` varchar(100) DEFAULT NULL,
  `telefone_trabalho` varchar(20) DEFAULT NULL,
  `horario_trabalho` time DEFAULT NULL,
  `salario` decimal(10,2) DEFAULT NULL,
  `renda_extra` tinyint(1) DEFAULT NULL,
  PRIMARY KEY (`id_pai`),
  UNIQUE KEY `id_pai` (`id_pai`)
) ENGINE=InnoDB AUTO_INCREMENT=128 DEFAULT CHARSET=utf8mb4 COLLATE=utf8mb4_general_ci;
/*!40101 SET character_set_client = @saved_cs_client */;

--
-- Dumping data for table `tb_pai`
--

LOCK TABLES `tb_pai` WRITE;
/*!40000 ALTER TABLE `tb_pai` DISABLE KEYS */;
INSERT INTO `tb_pai` VALUES (1,'Maria Pereira','1962-11-21','Casado','Ensino M?dio','11906993267','pai8306@email.com','Empresa E','Motorista','11929373585','07:56:40',2455.39,0),(2,'Maria Santos','1967-03-31','Casado','Ensino M?dio','11950614405','pai5298@email.com','Empresa A','Engenheiro','11992978347','04:33:22',4443.72,0),(3,'Pedro Santos','1998-08-30','Solteiro','Fundamental','11950019586','pai7414@email.com','Empresa B','Gerente','11942483020','06:58:21',3059.05,1),(4,'Jo?o Silva','1964-01-14','Solteiro','Superior','11975796394','pai2915@email.com','Empresa A','Engenheiro','11966060284','01:46:03',6509.77,1),(5,'Maria Silva','1979-06-21','Casado','Ensino M?dio','11953885820','pai9555@email.com','Empresa A','Gerente','11920936452','02:18:50',4644.42,1),(6,'Maria Costa','1985-10-26','Divorciado','Superior','11962445877','pai7019@email.com','Empresa D','Engenheiro','11946410020','00:58:19',2468.98,0),(7,'Ana Oliveira','1974-04-07','Divorciado','P?s-gradua??o','11961352114','pai0727@email.com','Empresa C','Motorista','11941283557','08:45:11',2690.24,0),(8,'Pedro Santos','1960-07-20','Divorciado','P?s-gradua??o','11911261367','pai1705@email.com','Empresa C','Engenheiro','11975758825','06:04:37',5828.78,0),(9,'Ana Pereira','1960-07-13','Solteiro','Superior','11973431760','pai4908@email.com','Empresa B','Eletricista','11916358427','04:40:35',6237.35,1),(10,'Ana Pereira','1986-12-25','Divorciado','Fundamental','11941896088','pai8957@email.com','Empresa B','T?cnico','11944367366','09:31:44',4167.71,0),(11,'Jo?o Santos','1970-12-01','Divorciado','P?s-gradua??o','11976097953','pai2885@email.com','Empresa A','Gerente','11917721844','00:55:51',6668.83,0),(12,'Maria Oliveira','1985-03-15','Solteiro','P?s-gradua??o','11999192773','pai1789@email.com','Empresa E','Engenheiro','11952839306','04:42:44',5854.80,0),(13,'Pedro Silva','1999-07-22','Divorciado','Superior','11987948293','pai2249@email.com','Empresa C','Eletricista','11931583112','03:09:04',5140.64,0),(14,'Maria Costa','1996-09-07','Divorciado','P?s-gradua??o','11926112506','pai4211@email.com','Empresa B','Motorista','11977091592','08:07:17',5739.81,0),(15,'Jo?o Oliveira','1982-03-20','Divorciado','Ensino M?dio','11929930959','pai8690@email.com','Empresa C','Eletricista','11980399453','01:19:30',3253.16,1),(16,'Carlos Silva','1970-11-22','Casado','Superior','11905164645','pai3156@email.com','Empresa C','Engenheiro','11956994038','03:27:55',2114.65,0),(17,'Jo?o Santos','1976-01-04','Solteiro','P?s-gradua??o','11988808364','pai8572@email.com','Empresa D','T?cnico','11982655030','05:10:15',2529.20,1),(18,'Carlos Costa','1963-11-12','Divorciado','Ensino M?dio','11981812013','pai3641@email.com','Empresa B','Eletricista','11958913262','07:20:07',6501.83,0),(19,'Pedro Silva','1992-12-16','Casado','Superior','11985484165','pai3251@email.com','Empresa A','Motorista','11946410336','03:19:25',3347.95,0),(20,'Pedro Pereira','1979-02-04','Casado','Fundamental','11926248466','pai3870@email.com','Empresa A','T?cnico','11943747890','04:35:47',6929.30,1),(21,'Ana Santos','1991-11-29','Solteiro','P?s-gradua??o','11922710088','pai4004@email.com','Empresa B','T?cnico','11904657737','00:16:46',2000.02,1),(22,'Carlos Silva','1998-12-26','Divorciado','Superior','11919384383','pai5648@email.com','Empresa B','T?cnico','11986435438','07:39:54',3197.74,1),(23,'Ana Silva','1979-10-26','Solteiro','P?s-gradua??o','11904213492','pai6394@email.com','Empresa A','T?cnico','11996084762','05:00:27',5106.70,1),(24,'Maria Costa','1984-03-14','Solteiro','Superior','11919967429','pai0907@email.com','Empresa E','Gerente','11943357594','01:42:03',4748.72,0),(25,'Carlos Costa','1985-09-24','Divorciado','Ensino M?dio','11901482102','pai7485@email.com','Empresa D','Motorista','11913263558','09:16:05',3180.85,0),(26,'Jo?o Santos','1982-05-31','Casado','P?s-gradua??o','11928244482','pai6205@email.com','Empresa B','T?cnico','11930507563','02:49:52',4502.26,1),(27,'Ana Costa','1960-10-26','Casado','P?s-gradua??o','11968580363','pai5174@email.com','Empresa C','Engenheiro','11989187033','01:42:28',2891.65,0),(28,'Jo?o Pereira','1989-12-16','Solteiro','Fundamental','11975208776','pai5620@email.com','Empresa C','Engenheiro','11974902847','04:59:34',3247.09,1),(29,'Pedro Pereira','1972-01-12','Solteiro','Fundamental','11964855473','pai6553@email.com','Empresa B','Eletricista','11945007811','01:50:50',4866.99,0),(30,'Pedro Santos','1965-07-21','Casado','P?s-gradua??o','11938988439','pai9758@email.com','Empresa D','Eletricista','11997650640','00:11:26',2828.85,1),(31,'Jo?o Oliveira','1985-09-20','Casado','P?s-gradua??o','11963891321','pai9431@email.com','Empresa D','Engenheiro','11943065571','06:34:01',6957.59,1),(32,'Pedro Costa','1985-07-25','Solteiro','Superior','11912651362','pai4075@email.com','Empresa D','Engenheiro','11936258932','06:06:38',6837.85,0),(33,'Maria Oliveira','1977-03-05','Solteiro','P?s-gradua??o','11945039067','pai3213@email.com','Empresa B','Motorista','11979393221','00:20:26',5942.76,1),(34,'Pedro Pereira','1968-02-21','Solteiro','P?s-gradua??o','11996308447','pai3487@email.com','Empresa E','Motorista','11956089481','01:18:17',6848.72,0),(35,'Jo?o Oliveira','1982-12-24','Casado','P?s-gradua??o','11961439022','pai3440@email.com','Empresa E','Motorista','11912978727','05:55:41',4873.56,0),(36,'Ana Oliveira','1996-04-03','Solteiro','Ensino M?dio','11982293170','pai4249@email.com','Empresa D','Engenheiro','11904659271','02:15:09',6932.41,0),(37,'Jo?o Costa','1989-06-21','Divorciado','Superior','11903893359','pai2857@email.com','Empresa B','Eletricista','11956696372','07:20:25',6846.74,1),(38,'Jo?o Pereira','1990-01-23','Casado','Ensino M?dio','11938340450','pai6094@email.com','Empresa E','Eletricista','11959188270','09:53:50',2864.99,1),(39,'Pedro Silva','1973-02-19','Solteiro','Superior','11947530572','pai3503@email.com','Empresa B','T?cnico','11990418274','07:55:38',3255.94,1),(40,'Ana Oliveira','1968-05-08','Casado','Fundamental','11953937198','pai0710@email.com','Empresa D','T?cnico','11913899365','02:51:31',2062.27,0),(41,'Pedro Santos','1975-10-26','Solteiro','P?s-gradua??o','11977279941','pai3536@email.com','Empresa C','Engenheiro','11958245058','03:32:22',2112.07,0),(42,'Maria Pereira','1988-10-30','Solteiro','P?s-gradua??o','11989563695','pai8744@email.com','Empresa D','Gerente','11996199322','03:59:25',2546.06,0),(43,'Carlos Silva','1962-10-20','Casado','Ensino M?dio','11992634037','pai2079@email.com','Empresa B','Eletricista','11960611976','09:59:10',2873.84,1),(44,'Pedro Pereira','1965-08-05','Solteiro','P?s-gradua??o','11905111263','pai9233@email.com','Empresa C','T?cnico','11934178373','00:41:59',3623.09,0),(45,'Maria Santos','1967-08-21','Casado','P?s-gradua??o','11951352527','pai2556@email.com','Empresa D','Gerente','11938458649','01:39:09',5362.87,1),(46,'Jo?o Costa','1961-03-15','Divorciado','P?s-gradua??o','11913289465','pai2780@email.com','Empresa E','Engenheiro','11964095446','08:21:23',3276.71,1),(47,'Maria Silva','1989-05-10','Solteiro','Fundamental','11941438456','pai4943@email.com','Empresa B','Eletricista','11960853087','00:39:56',4536.24,0),(48,'Maria Pereira','1980-10-01','Solteiro','P?s-gradua??o','11933735477','pai9428@email.com','Empresa D','Eletricista','11930721794','04:52:35',4582.89,0),(49,'Maria Costa','1988-05-27','Divorciado','Superior','11986658777','pai5086@email.com','Empresa E','Engenheiro','11912696133','00:36:12',6604.42,0),(50,'Jo?o Oliveira','1982-11-01','Divorciado','Ensino M?dio','11982082070','pai5491@email.com','Empresa B','Eletricista','11999205000','06:33:14',3503.98,1),(51,'Ana Santos','1990-11-10','Solteiro','Superior','11966836809','pai9099@email.com','Empresa C','Gerente','11933147291','06:46:57',3984.38,1),(52,'Carlos Costa','1999-09-12','Solteiro','Superior','11986200823','pai2902@email.com','Empresa E','T?cnico','11967501571','00:07:57',2206.02,0),(53,'Ana Silva','1997-05-29','Solteiro','Ensino M?dio','11959639484','pai7547@email.com','Empresa E','Eletricista','11933533297','07:02:10',4560.32,0),(54,'Ana Santos','1964-04-11','Divorciado','P?s-gradua??o','11925663888','pai9067@email.com','Empresa D','Engenheiro','11920151872','07:07:09',6775.49,1),(55,'Jo?o Pereira','1971-01-31','Casado','P?s-gradua??o','11949566651','pai6025@email.com','Empresa C','Gerente','11952054482','01:26:51',2811.26,0),(56,'Jo?o Costa','1996-06-17','Divorciado','Superior','11980637266','pai0869@email.com','Empresa A','Gerente','11903131473','07:06:15',4291.21,0),(57,'Carlos Pereira','1962-08-11','Divorciado','Ensino M?dio','11940964754','pai5618@email.com','Empresa C','Motorista','11933022548','00:05:33',2278.40,0),(58,'Maria Pereira','1995-03-19','Casado','Fundamental','11971184085','pai4131@email.com','Empresa E','T?cnico','11926495789','00:55:00',5317.39,0),(59,'Jo?o Costa','1990-12-31','Solteiro','Superior','11976868997','pai3474@email.com','Empresa C','Engenheiro','11926792429','00:02:00',3064.60,0),(60,'Ana Silva','1995-02-23','Casado','P?s-gradua??o','11913755229','pai2494@email.com','Empresa E','T?cnico','11961180118','07:54:13',2582.18,0),(61,'Ana Costa','1985-10-03','Solteiro','Fundamental','11970876575','pai6549@email.com','Empresa A','Eletricista','11943606947','08:31:12',6759.59,0),(62,'Maria Silva','1980-03-04','Divorciado','Ensino M?dio','11908162154','pai8663@email.com','Empresa A','Gerente','11991529999','00:42:36',5045.86,1),(63,'Jo?o Silva','1963-12-27','Solteiro','Superior','11948810039','pai5337@email.com','Empresa B','T?cnico','11948415680','01:37:47',3812.39,0),(64,'Carlos Pereira','1968-06-02','Divorciado','Superior','11937109417','pai4827@email.com','Empresa B','Engenheiro','11936276699','06:33:33',2956.67,1),(65,'Jo?o Costa','1987-10-15','Divorciado','Fundamental','11963931785','pai1447@email.com','Empresa E','T?cnico','11955040056','09:43:07',3041.12,0),(66,'Maria Pereira','1993-05-24','Divorciado','Superior','11972913799','pai6592@email.com','Empresa A','T?cnico','11950659275','08:19:48',5226.44,1),(67,'Ana Santos','1979-11-23','Casado','Superior','11949766182','pai1089@email.com','Empresa A','Gerente','11949186136','06:43:19',6427.53,0),(68,'Jo?o Pereira','1976-11-18','Divorciado','Fundamental','11907250092','pai4986@email.com','Empresa B','Gerente','11958125488','02:37:00',4823.46,0),(69,'Carlos Santos','1985-05-16','Divorciado','Fundamental','11913536678','pai6217@email.com','Empresa D','Eletricista','11912492239','06:51:20',2265.26,0),(70,'Pedro Pereira','1987-12-16','Solteiro','P?s-gradua??o','11936666516','pai8816@email.com','Empresa B','Gerente','11955717062','00:57:59',6059.00,1),(71,'Carlos Pereira','1981-05-16','Solteiro','Superior','11941647535','pai9399@email.com','Empresa C','T?cnico','11981042929','07:33:02',3720.16,0),(72,'Jo?o Costa','1979-10-27','Solteiro','Fundamental','11999877301','pai1341@email.com','Empresa D','Gerente','11982150094','02:00:35',4702.03,0),(73,'Pedro Silva','1970-08-10','Casado','Superior','11904530070','pai2795@email.com','Empresa B','T?cnico','11955765139','03:49:57',3216.83,0),(74,'Ana Costa','1988-03-16','Solteiro','Superior','11969121522','pai3362@email.com','Empresa D','Engenheiro','11931836995','05:04:34',4915.21,0),(75,'Jo?o Costa','1968-11-20','Solteiro','Ensino M?dio','11956958058','pai5815@email.com','Empresa A','Motorista','11964983032','05:00:54',4790.59,0),(76,'Ana Costa','1986-12-26','Divorciado','Fundamental','11922440924','pai3284@email.com','Empresa E','Gerente','11938444372','03:28:48',4933.43,1),(77,'Ana Pereira','1969-07-07','Casado','Fundamental','11989764534','pai9264@email.com','Empresa E','Gerente','11976419924','00:43:15',2339.18,0),(78,'Carlos Pereira','1992-06-15','Divorciado','Ensino M?dio','11967710544','pai0876@email.com','Empresa C','Eletricista','11962967079','08:23:18',3525.94,0),(79,'Maria Pereira','1970-05-11','Divorciado','Ensino M?dio','11996883160','pai4870@email.com','Empresa C','Engenheiro','11932060533','00:35:41',3678.35,0),(80,'Carlos Costa','1987-03-03','Divorciado','P?s-gradua??o','11908452248','pai7754@email.com','Empresa D','Eletricista','11908391211','00:28:15',6918.62,1),(81,'Pedro Santos','1963-08-09','Casado','Ensino M?dio','11975393757','pai4880@email.com','Empresa A','T?cnico','11960048398','07:12:48',6026.69,1),(82,'Pedro Costa','1968-08-13','Solteiro','Ensino M?dio','11941719211','pai9150@email.com','Empresa B','Gerente','11939829655','03:41:45',5265.22,0),(83,'Pedro Pereira','1969-12-16','Divorciado','Ensino M?dio','11979538797','pai7258@email.com','Empresa B','Engenheiro','11945574204','01:40:52',4367.05,1),(84,'Pedro Costa','1972-02-19','Divorciado','Superior','11937302384','pai6051@email.com','Empresa E','Eletricista','11986760750','01:51:23',3627.08,0),(85,'Jo?o Pereira','1993-01-07','Divorciado','Ensino M?dio','11997427464','pai3881@email.com','Empresa A','Gerente','11956702691','00:37:52',5072.96,1),(86,'Carlos Santos','1985-06-23','Solteiro','P?s-gradua??o','11911065622','pai6999@email.com','Empresa A','Eletricista','11919069852','07:22:18',2569.14,0),(87,'Carlos Silva','1982-02-19','Divorciado','Fundamental','11999292411','pai9072@email.com','Empresa C','Engenheiro','11965433860','00:45:27',4079.04,1),(88,'Maria Oliveira','1981-07-26','Divorciado','P?s-gradua??o','11979173849','pai3392@email.com','Empresa B','T?cnico','11996508486','00:41:36',4257.65,0),(89,'Pedro Santos','1964-02-12','Casado','Ensino M?dio','11937632465','pai1914@email.com','Empresa E','T?cnico','11934020604','00:04:10',2071.12,0),(90,'Jo?o Costa','1967-03-21','Casado','P?s-gradua??o','11914983825','pai9904@email.com','Empresa C','T?cnico','11919961672','03:44:15',3349.53,0),(91,'Jo?o Costa','1965-08-02','Casado','Fundamental','11960750303','pai2803@email.com','Empresa C','Engenheiro','11952693912','04:46:10',6019.69,1),(92,'Carlos Costa','1965-04-12','Divorciado','P?s-gradua??o','11948731211','pai6609@email.com','Empresa E','Motorista','11962110036','04:09:50',3093.44,1),(93,'Carlos Santos','1969-09-05','Divorciado','Fundamental','11978660617','pai3157@email.com','Empresa B','Engenheiro','11906919433','09:06:51',3747.71,0),(94,'Maria Silva','1992-03-07','Divorciado','P?s-gradua??o','11918395393','pai6314@email.com','Empresa D','Engenheiro','11984326506','08:12:36',4876.06,0),(95,'Jo?o Oliveira','1989-05-23','Solteiro','Ensino M?dio','11997618097','pai2850@email.com','Empresa C','Eletricista','11964156764','03:17:52',5621.36,1),(96,'Pedro Silva','1991-01-12','Solteiro','Fundamental','11978344176','pai1394@email.com','Empresa B','Motorista','11953323919','07:13:29',2063.53,1),(97,'Carlos Oliveira','1988-11-26','Divorciado','Fundamental','11990988851','pai0292@email.com','Empresa C','Gerente','11971881626','06:08:10',6558.52,1),(98,'Pedro Silva','2000-05-14','Divorciado','Superior','11978717894','pai8512@email.com','Empresa E','Gerente','11991262117','08:03:09',3442.41,0),(99,'Jo?o Santos','1980-12-15','Casado','P?s-gradua??o','11929345801','pai8960@email.com','Empresa C','Motorista','11975190599','08:17:25',6447.58,1),(100,'Maria Pereira','1979-02-07','Solteiro','P?s-gradua??o','11978865214','pai1138@email.com','Empresa B','Eletricista','11976059151','07:48:38',5117.74,1);
/*!40000 ALTER TABLE `tb_pai` ENABLE KEYS */;
UNLOCK TABLES;

--
-- Table structure for table `tb_pessoas_autorizadas`
--

DROP TABLE IF EXISTS `tb_pessoas_autorizadas`;
/*!40101 SET @saved_cs_client     = @@character_set_client */;
/*!40101 SET character_set_client = utf8 */;
CREATE TABLE `tb_pessoas_autorizadas` (
  `id` int(11) NOT NULL AUTO_INCREMENT,
  `nome` varchar(100) DEFAULT NULL,
  `cpf` varchar(14) DEFAULT NULL,
  `celular` varchar(20) DEFAULT NULL,
  `parentesco` varchar(20) DEFAULT NULL,
  PRIMARY KEY (`id`),
  UNIQUE KEY `id` (`id`)
) ENGINE=InnoDB AUTO_INCREMENT=128 DEFAULT CHARSET=utf8mb4 COLLATE=utf8mb4_general_ci;
/*!40101 SET character_set_client = @saved_cs_client */;

--
-- Dumping data for table `tb_pessoas_autorizadas`
--

LOCK TABLES `tb_pessoas_autorizadas` WRITE;
/*!40000 ALTER TABLE `tb_pessoas_autorizadas` DISABLE KEYS */;
INSERT INTO `tb_pessoas_autorizadas` VALUES (1,'Pedro Pereira','43523143486','11958947726','Irm?o'),(2,'Jo?o Oliveira','94562772143','11944782282','Primo'),(3,'Ana Oliveira','43968450365','11929572730','Av?'),(4,'Pedro Silva','44714063149','11937686554','Amigo'),(5,'Carlos Santos','28913111825','11901498404','Primo'),(6,'Maria Oliveira','31326002079','11952316980','Irm?o'),(7,'Pedro Silva','49970298474','11903437951','Irm?o'),(8,'Maria Costa','53975149768','11957955674','Primo'),(9,'Carlos Costa','80566785381','11949202889','Tio'),(10,'Maria Costa','80050450423','11991037942','Av?'),(11,'Jo?o Silva','56688932074','11924667927','Amigo'),(12,'Ana Silva','13918762443','11962976403','Tio'),(13,'Jo?o Costa','24767514965','11995893968','Av?'),(14,'Ana Santos','49828704995','11940342346','Amigo'),(15,'Jo?o Silva','88837137332','11902730207','Primo'),(16,'Carlos Pereira','56405657106','11923869967','Amigo'),(17,'Carlos Pereira','70923266466','11944766034','Av?'),(18,'Ana Costa','25246767546','11929502744','Irm?o'),(19,'Pedro Costa','44631784124','11938405266','Amigo'),(20,'Ana Silva','46920475444','11978605042','Amigo'),(21,'Maria Oliveira','62181143538','11909962347','Amigo'),(22,'Carlos Silva','55514592234','11993441095','Tio'),(23,'Pedro Santos','14009072253','11904770237','Tio'),(24,'Jo?o Oliveira','83339065660','11929917288','Tio'),(25,'Jo?o Pereira','20920697414','11968837373','Tio'),(26,'Jo?o Santos','96639135354','11965229968','Av?'),(27,'Pedro Oliveira','48998583013','11986726973','Tio'),(28,'Carlos Pereira','29603459368','11971408409','Irm?o'),(29,'Carlos Oliveira','98450301855','11952754396','Amigo'),(30,'Pedro Santos','70558016234','11960496300','Tio'),(31,'Jo?o Silva','69654001322','11912728735','Amigo'),(32,'Pedro Santos','24057411443','11974287217','Av?'),(33,'Maria Santos','38762962602','11980567416','Tio'),(34,'Pedro Oliveira','49422263325','11985150193','Irm?o'),(35,'Maria Costa','48441897740','11918658334','Amigo'),(36,'Ana Oliveira','62192584836','11929550587','Amigo'),(37,'Pedro Pereira','62684888543','11953144820','Irm?o'),(38,'Pedro Costa','57415892273','11907822726','Irm?o'),(39,'Pedro Pereira','86016593636','11924333458','Amigo'),(40,'Ana Santos','82417196791','11990932455','Tio'),(41,'Pedro Santos','63336419409','11912346434','Irm?o'),(42,'Pedro Pereira','63843214840','11914407256','Irm?o'),(43,'Maria Santos','47995379341','11950524230','Av?'),(44,'Ana Silva','39286727615','11922281353','Tio'),(45,'Maria Pereira','45049458383','11987613079','Av?'),(46,'Carlos Oliveira','41279710168','11914928754','Amigo'),(47,'Maria Santos','10557517344','11929938233','Primo'),(48,'Carlos Silva','71371917222','11931211900','Primo'),(49,'Ana Pereira','38104594114','11962566456','Tio'),(50,'Maria Costa','90903839813','11901035981','Av?'),(51,'Ana Pereira','13750761192','11924427355','Tio'),(52,'Ana Oliveira','12743088372','11978610169','Irm?o'),(53,'Pedro Pereira','84623785106','11914157278','Av?'),(54,'Ana Pereira','63515963296','11979718876','Av?'),(55,'Ana Oliveira','62469486875','11945128825','Primo'),(56,'Maria Santos','48117465784','11993335118','Av?'),(57,'Maria Pereira','13180126839','11903000494','Tio'),(58,'Maria Oliveira','28146307494','11945299465','Amigo'),(59,'Pedro Pereira','83036137560','11987595903','Irm?o'),(60,'Maria Pereira','98753586772','11996192703','Irm?o'),(61,'Jo?o Santos','43762468531','11998437451','Amigo'),(62,'Maria Pereira','72522902983','11920418452','Irm?o'),(63,'Maria Oliveira','57005454196','11996920773','Av?'),(64,'Carlos Pereira','59982919692','11996461874','Tio'),(65,'Pedro Costa','32484582347','11929521919','Amigo'),(66,'Ana Oliveira','58912883250','11904599087','Primo'),(67,'Pedro Oliveira','92752689422','11909831311','Amigo'),(68,'Jo?o Pereira','24389675030','11983610234','Amigo'),(69,'Pedro Costa','45870545511','11936092018','Amigo'),(70,'Pedro Costa','12367002602','11918444403','Irm?o'),(71,'Ana Pereira','94789685014','11935139002','Irm?o'),(72,'Carlos Santos','29607170121','11948043273','Amigo'),(73,'Jo?o Santos','46685875278','11925054607','Tio'),(74,'Jo?o Costa','37127101427','11981035136','Tio'),(75,'Jo?o Silva','57810318569','11938560928','Av?'),(76,'Carlos Oliveira','38337649328','11985836343','Av?'),(77,'Maria Pereira','40128752570','11938306326','Irm?o'),(78,'Carlos Santos','33864659856','11943603687','Av?'),(79,'Ana Costa','79089819191','11907006173','Tio'),(80,'Maria Costa','88374368015','11938413650','Av?'),(81,'Jo?o Silva','93370164951','11957637929','Tio'),(82,'Ana Pereira','76025282149','11981433168','Irm?o'),(83,'Pedro Costa','98344492984','11907911347','Primo'),(84,'Maria Pereira','63986995744','11980981807','Av?'),(85,'Pedro Santos','33110334084','11925714074','Primo'),(86,'Pedro Oliveira','98906213434','11949685214','Primo'),(87,'Maria Silva','70857039457','11937175176','Irm?o'),(88,'Maria Pereira','39926740740','11959882656','Irm?o'),(89,'Maria Costa','23685410091','11993355410','Av?'),(90,'Jo?o Pereira','53785289603','11947749410','Irm?o'),(91,'Jo?o Santos','67750918704','11945019816','Av?'),(92,'Jo?o Oliveira','32783120761','11901126928','Av?'),(93,'Carlos Santos','51633282817','11922407721','Amigo'),(94,'Pedro Pereira','82797215852','11977550162','Primo'),(95,'Pedro Santos','69009064415','11941418725','Tio'),(96,'Jo?o Silva','58649966752','11947934641','Amigo'),(97,'Carlos Costa','99501712115','11938851057','Irm?o'),(98,'Ana Santos','53086856457','11957196289','Primo'),(99,'Carlos Pereira','54200635369','11923724572','Amigo'),(100,'Pedro Silva','15834456641','11995049964','Primo');
/*!40000 ALTER TABLE `tb_pessoas_autorizadas` ENABLE KEYS */;
UNLOCK TABLES;
/*!40103 SET TIME_ZONE=@OLD_TIME_ZONE */;

/*!40101 SET SQL_MODE=@OLD_SQL_MODE */;
/*!40014 SET FOREIGN_KEY_CHECKS=@OLD_FOREIGN_KEY_CHECKS */;
/*!40014 SET UNIQUE_CHECKS=@OLD_UNIQUE_CHECKS */;
/*!40101 SET CHARACTER_SET_CLIENT=@OLD_CHARACTER_SET_CLIENT */;
/*!40101 SET CHARACTER_SET_RESULTS=@OLD_CHARACTER_SET_RESULTS */;
/*!40101 SET COLLATION_CONNECTION=@OLD_COLLATION_CONNECTION */;
/*!40111 SET SQL_NOTES=@OLD_SQL_NOTES */;

-- Dump completed on 2025-06-06 11:02:54
